feature_family,model_count,mean_valid_f1,median_valid_f1,max_valid_f1,best_model_id
hog_pca_combined,24,0.8904309368141458,0.8891005754637347,0.9442379182156134,d1_linsvm_011
hog_hsv_lbp_combined,24,0.8780600801129069,0.8827671109892561,0.9398663697104677,d1_linsvm_004
hsv_lbp_only,6,0.8752209913107906,0.8865316905059117,0.9358879882092852,d1_linsvm_007
hog_pca_only,12,0.7610692951706804,0.7701696507651916,0.8647822765469825,d1_linsvm_039
hog_only,12,0.7485791021708349,0.7628872730822387,0.8553940321346595,d1_linsvm_032
