patch_set,patch_size,ratio_variant,model_count,mean_valid_f1,median_valid_f1,max_valid_f1,best_model_id
centered80_balanced,80,balanced,13,0.8935657905926407,0.9253294289897511,0.9442379182156134,d1_linsvm_011
centered96_balanced,96,balanced,13,0.8954755214817589,0.9045521292217328,0.9431137724550899,d1_linsvm_038
centered112_balanced,112,balanced,13,0.8789189952169285,0.8852701702442635,0.9270833333333334,d1_linsvm_063
centered80_neg4x,80,neg4x,13,0.8133962015430801,0.8634423897581792,0.8953068592057761,d1_linsvm_017
centered96_neg4x,96,neg4x,13,0.8048471659207524,0.8353188507358094,0.8778018799710774,d1_linsvm_043
centered112_neg4x,112,neg4x,13,0.776172565415008,0.7873799725651578,0.8695652173913043,d1_linsvm_076
