ratio_variant,model_count,mean_valid_f1,median_valid_f1,max_valid_f1,mean_valid_precision,mean_valid_recall,mean_valid_specificity,mean_valid_fp,mean_valid_fn
balanced,39,0.8893201024304427,0.9072164948453608,0.9442379182156134,0.8576321607579317,0.9238334129638477,0.8474279343844561,98.25641025641026,49.05128205128205
neg4x,39,0.7981386442929469,0.8353188507358094,0.8953068592057761,0.76417031822256,0.8420130594043638,0.9354992833253704,166.15384615384616,101.74358974358974
