feature_family,model_count,mean_valid_f1,median_valid_f1,max_valid_f1,best_model_id
hsv_lbp_only,6,0.7342900343569448,0.7477375871901093,0.8773841961852861,d2_linsvm_007
hog_hsv_lbp_combined,24,0.762910911219777,0.7778746394592966,0.8765880217785844,d2_linsvm_004
hog_pca_combined,24,0.7651924331151864,0.7812230322868621,0.8765880217785844,d2_linsvm_011
hog_pca_only,12,0.4868976223961479,0.5005162504896487,0.6902485659655831,d2_linsvm_062
hog_only,12,0.4966019468806726,0.5143498283397907,0.6881918819188192,d2_linsvm_058
