patch_set,patch_size,ratio_variant,model_count,mean_valid_f1,median_valid_f1,max_valid_f1,best_model_id
centered48_balanced,48,balanced,13,0.8065159828205359,0.8547486033519553,0.8773841961852861,d2_linsvm_007
centered64_balanced,64,balanced,13,0.794146881252402,0.8385269121813032,0.8650137741046832,d2_linsvm_034
centered80_balanced,80,balanced,13,0.7841493975859705,0.8221797323135756,0.8471035137701804,d2_linsvm_056
centered48_neg4x,48,neg4x,13,0.5813110426355388,0.6980552712384852,0.7415730337078652,d2_linsvm_014
centered64_neg4x,64,neg4x,13,0.5601517326287738,0.6477024070021882,0.7113513513513513,d2_linsvm_043
centered80_neg4x,80,neg4x,13,0.5415876785769821,0.6321353065539113,0.6600660066006601,d2_linsvm_073
