ratio_variant,model_count,mean_valid_f1,median_valid_f1,max_valid_f1,mean_valid_precision,mean_valid_recall,mean_valid_specificity,mean_valid_fp,mean_valid_fn
balanced,39,0.7949374205529695,0.837914691943128,0.8773841961852861,0.8467840124338247,0.7502923976608188,0.8614035087719298,79.0,142.33333333333334
neg4x,39,0.5610168179470981,0.6477024070021882,0.7415730337078652,0.806185108596967,0.4444444444444444,0.9775641025641025,51.15384615384615,316.6666666666667
