dataset_name,algorithm_name,model_count,mean_test_f1,median_test_f1,max_test_f1,mean_test_recall,mean_test_precision,mean_test_specificity,mean_test_balanced_accuracy
dataset1_varroa,rbf_svm,9,0.9163973538211487,0.9259259259259259,0.9362826015186531,0.9681333026184442,0.8702903583143005,0.8914420640405437,0.929787683329494
dataset1_varroa,linear_svm,9,0.9047917864884604,0.9141742522756827,0.9320197044334976,0.9727405359748137,0.8465979511657318,0.8701144129616831,0.9214274744682486
dataset1_varroa,random_forest,9,0.8969070135191488,0.9070157771064116,0.922816519972918,0.9110803962220686,0.8840240771138883,0.9012324349228289,0.9061564155724489
