dataset_name,algorithm_name,model_count,min_test_accuracy,mean_test_accuracy,max_test_accuracy,min_test_precision,mean_test_precision,max_test_precision,min_test_recall,mean_test_recall,max_test_recall,min_test_f1,mean_test_f1,max_test_f1
dataset1_varroa,rbf_svm,9,0.9160331720801659,0.9293557552023343,0.9489979267449896,0.7971181556195965,0.8702903583143005,0.8963337547408344,0.9460953697304768,0.9681333026184442,0.9806496199032481,0.86926461345066,0.9163973538211487,0.9362826015186531
dataset1_varroa,linear_svm,9,0.9060124395300622,0.9190662673731091,0.9337940566689703,0.7614879649890591,0.8465979511657318,0.8879849812265331,0.9606081548030407,0.9727405359748137,0.9806496199032481,0.8500763358778626,0.9047917864884604,0.9320197044334976
dataset1_varroa,random_forest,9,0.889426399447132,0.9151808339092374,0.9440221147201106,0.848652384243262,0.8840240771138883,0.9044459190444591,0.8182446440912232,0.9110803962220686,0.949550794747754,0.848652384243262,0.8969070135191488,0.922816519972918
