dataset_name,feature_set,feature_family,model_count,mean_test_f1,median_test_f1,max_test_f1,mean_test_recall,mean_test_precision
dataset1_varroa,hog16_hsv_lbp,hog16_hsv_lbp,9,0.9005742042945264,0.9117456197274497,0.9362826015186531,0.9433310297166552,0.8641193053624425
dataset1_varroa,hog16_pca_hsv_lbp,hog16_pca_hsv_lbp,9,0.8982136674680627,0.9140447615958482,0.932806324110672,0.9478614758504185,0.855148798264782
dataset1_varroa,hog8_pca_hsv_lbp,hog8_pca_hsv_lbp,3,0.9209774194561601,0.9263502454991817,0.9286649214659686,0.9606081548030407,0.8849791617209554
dataset1_varroa,hsv_lbp_only,hsv_lbp_only,3,0.9216830254139229,0.920911528150134,0.9283344392833444,0.9645243031559548,0.8828025779085449
dataset1_varroa,hog8_hsv_lbp,hog8_hsv_lbp,3,0.915264401328423,0.9141742522756827,0.9246031746031746,0.9571527297857636,0.8771511092705878
