dataset_name,patch_set,patch_size,ratio_variant,model_count,mean_test_f1,median_test_f1,max_test_f1,mean_test_recall,mean_test_precision
dataset1_varroa,centered80_balanced,80,balanced,15,0.9229511536934821,0.9246031746031746,0.9362826015186531,0.9630960608154804,0.8863794149772904
dataset1_varroa,centered96_balanced,96,balanced,6,0.9103996058601371,0.9128951906616489,0.9259259259259259,0.9549642939414881,0.8700906293874665
dataset1_varroa,centered80_neg4x,80,neg4x,6,0.8593667406492941,0.8534855957155789,0.8812359188928227,0.9152269062428012,0.8153294130601881
