dataset_name,algorithm_name,model_count,mean_test_f1,median_test_f1,max_test_f1,mean_test_recall,mean_test_precision,mean_test_specificity,mean_test_balanced_accuracy
dataset2_honeybee,rbf_svm,9,0.8886716071332292,0.903863432165319,0.9174800354924578,0.8562548562548563,0.9250459948767271,0.9448815073815074,0.9005681818181819
dataset2_honeybee,random_forest,9,0.858109056769567,0.8906810035842294,0.9066427289048474,0.8158508158508159,0.9128932744717986,0.9346833721833723,0.8752670940170941
dataset2_honeybee,linear_svm,9,0.844329794590016,0.8678899082568807,0.8906955736224029,0.7933177933177933,0.9064680152087321,0.9353632478632478,0.8643405205905206
