dataset_name,algorithm_name,model_count,min_test_accuracy,mean_test_accuracy,max_test_accuracy,min_test_precision,mean_test_precision,max_test_precision,min_test_recall,mean_test_recall,max_test_recall,min_test_f1,mean_test_f1,max_test_f1
dataset2_honeybee,rbf_svm,9,0.8994755244755245,0.9153846153846152,0.9349650349650349,0.8875502008032129,0.9250459948767271,0.9442379182156134,0.7412587412587412,0.8562548562548563,0.9038461538461539,0.8193236714975846,0.8886716071332292,0.9174800354924578
dataset2_honeybee,random_forest,9,0.881993006993007,0.8994949494949496,0.9136363636363637,0.8894830659536542,0.9128932744717986,0.935969868173258,0.5944055944055944,0.8158508158508159,0.8828671328671329,0.7157894736842105,0.858109056769567,0.9066427289048474
dataset2_honeybee,linear_svm,9,0.8618881118881119,0.8870823620823621,0.9090909090909091,0.8714285714285714,0.9064680152087321,0.9227871939736346,0.6311188811188811,0.7933177933177933,0.8618881118881119,0.7322515212981744,0.844329794590016,0.8906955736224029
