dataset_name,feature_set,feature_family,model_count,mean_test_f1,median_test_f1,max_test_f1,mean_test_recall,mean_test_precision
dataset2_honeybee,hog16_hsv_lbp,hog16_hsv_lbp,9,0.8480886942845447,0.880847308031774,0.9174800354924578,0.7997280497280497,0.9097568824003892
dataset2_honeybee,hog16_pca_hsv_lbp,hog16_pca_hsv_lbp,9,0.8511341089729947,0.8906810035842294,0.9086021505376344,0.7989510489510488,0.9159151990570634
dataset2_honeybee,hsv_lbp_only,hsv_lbp_only,3,0.8978043983410465,0.9009009009009009,0.9066427289048474,0.8706293706293707,0.9267584264712592
dataset2_honeybee,hog8_pca_hsv_lbp,hog8_pca_hsv_lbp,3,0.8930770116475752,0.8926961226330027,0.903863432165319,0.8665501165501165,0.9212869488614713
dataset2_honeybee,hog8_hsv_lbp,hog8_hsv_lbp,3,0.8847815557171964,0.8884955752212389,0.8979591836734694,0.8630536130536131,0.9081602339666857
