dataset_name,patch_set,patch_size,ratio_variant,model_count,mean_test_f1,median_test_f1,max_test_f1,mean_test_recall,mean_test_precision
dataset2_honeybee,centered48_balanced,48,balanced,15,0.8954235680366895,0.8979223125564589,0.9174800354924578,0.8698135198135197,0.9227572003609298
dataset2_honeybee,centered64_balanced,64,balanced,6,0.8847460177994894,0.8857641558080017,0.9153153153153153,0.8531468531468532,0.9194555566592518
dataset2_honeybee,centered48_neg4x,48,neg4x,6,0.763360749848005,0.7433158041544974,0.8261682242990654,0.6704545454545454,0.8902623692743107
