model_id,positive_score_mean,negative_score_mean,score_separation_mean
d1_linsvm_011,1.489432592512523,-1.6473048954537322,3.136737487966255
d1_rbfsvm_006,0.8774279124691254,-1.7611001896497362,2.638528102118862
d2_rf_007,0.5866255932513766,0.20602581333832246,0.38059977991305416
d2_rf_006,0.5518377040291309,0.21977998985985633,0.33205771416927454
d2_rbfsvm_007,0.35936613510631266,-1.6911009582194019,2.0504670933257145
