ap_iou_0_20,ap_iou_0_30,ap_iou_0_50,ap_iou_0_55,ap_iou_0_60,ap_iou_0_65,ap_iou_0_70,ap_iou_0_75,ap_iou_0_80,ap_iou_0_85,ap_iou_0_90,ap_iou_0_95,mAP50,mAP50_95,eval_mode,dataset_name,source_dataset,source_group,algorithm_name,model_id,model_file_name,run_smoke_test
0.15043522044868976,0.13439682260354635,0.034922296905686476,0.01734328224739759,0.007286176756107494,0.0020719487297707713,0.0015006719426608932,0.0003847597597597598,0.0,0.0,0.0,0.0,0.034922296905686476,0.006350913634138299,full_external_test,dataset3_external,dataset1_varroa,Dataset1-derived,linear_svm,d1_linsvm_011,d1_linsvm_011__centered80_balanced__hog16_pca_hsv_lbp.joblib,False
0.2528758864225499,0.23194739720738988,0.07918826014249314,0.04362963482231382,0.01729835848523981,0.007370075147393028,0.0038952031501700377,0.00021366565240737428,0.00016891891891891893,0.0,0.0,0.0,0.07918826014249314,0.015176411631893616,full_external_test,dataset3_external,dataset1_varroa,Dataset1-derived,rbf_svm,d1_rbfsvm_006,d1_rbfsvm_006__centered80_neg4x__hog16_hsv_lbp.joblib,False
0.12866101209832154,0.07371810222768377,0.007725273673211631,0.004333176199455269,0.0037398073641701866,0.0034902452120995162,0.0034119384284947204,0.0033783783783783786,0.0,0.0,0.0,0.0,0.007725273673211631,0.00260788192558097,full_external_test,dataset3_external,dataset2_honeybee,Dataset2-derived,random_forest,d2_rf_007,d2_rf_007__centered48_neg4x__hog16_pca_hsv_lbp.joblib,False
0.12990610760010976,0.0815428524857868,0.005593928164204213,0.0029318637432313743,0.001321985954831371,0.000760118795435793,0.0006962849243213536,0.0006756756756756757,0.0,0.0,0.0,0.0,0.005593928164204213,0.0011979857257699781,full_external_test,dataset3_external,dataset2_honeybee,Dataset2-derived,random_forest,d2_rf_006,d2_rf_006__centered48_neg4x__hog16_hsv_lbp.joblib,False
0.2606346356864663,0.1793992844241286,0.018210224362329126,0.005274793198347214,0.002207025811704432,0.0006700202150646166,0.000428001053001053,0.00022522522522522523,0.0,0.0,0.0,0.0,0.018210224362329126,0.002701528986567167,full_external_test,dataset3_external,dataset2_honeybee,Dataset2-derived,rbf_svm,d2_rbfsvm_007,d2_rbfsvm_007__centered48_neg4x__hog16_pca_hsv_lbp.joblib,False
