dataset_name,eval_component,source_dataset,source_group,algorithm_name,model_id,model_file_name,patch_set,feature_set,row_count,positive_count,negative_count,accuracy,precision,recall,specificity,f1,tp,fp,tn,fn,positive_score_mean,negative_score_mean,score_separation_mean,run_smoke_test
dataset3_external,external_classification_diagnostic,dataset1_varroa,Dataset1-derived,linear_svm,d1_linsvm_011,d1_linsvm_011__centered80_balanced__hog16_pca_hsv_lbp.joblib,centered80_balanced,hog16_pca_hsv_lbp,592,296,296,0.9358108108108109,0.9188311688311688,0.956081081081081,0.9155405405405406,0.9370860927152318,283,25,271,13,1.489432592512523,-1.6473048954537322,3.136737487966255,False
dataset3_external,external_classification_diagnostic,dataset1_varroa,Dataset1-derived,rbf_svm,d1_rbfsvm_006,d1_rbfsvm_006__centered80_neg4x__hog16_hsv_lbp.joblib,centered80_neg4x,hog16_hsv_lbp,1480,296,1184,0.956081081081081,0.9169675090252708,0.8581081081081081,0.9805743243243243,0.8865619546247818,254,23,1161,42,0.8774279124691254,-1.7611001896497362,2.638528102118862,False
dataset3_external,external_classification_diagnostic,dataset2_honeybee,Dataset2-derived,random_forest,d2_rf_007,d2_rf_007__centered48_neg4x__hog16_pca_hsv_lbp.joblib,centered48_neg4x,hog16_pca_hsv_lbp,1480,296,1184,0.9168918918918919,0.8145454545454546,0.7567567567567568,0.9569256756756757,0.7845884413309983,224,51,1133,72,0.5866255932513766,0.20602581333832246,0.38059977991305416,False
dataset3_external,external_classification_diagnostic,dataset2_honeybee,Dataset2-derived,random_forest,d2_rf_006,d2_rf_006__centered48_neg4x__hog16_hsv_lbp.joblib,centered48_neg4x,hog16_hsv_lbp,1480,296,1184,0.9128378378378378,0.8380566801619433,0.6993243243243243,0.9662162162162162,0.7624309392265194,207,40,1144,89,0.5518377040291309,0.21977998985985633,0.33205771416927454,False
dataset3_external,external_classification_diagnostic,dataset2_honeybee,Dataset2-derived,rbf_svm,d2_rbfsvm_007,d2_rbfsvm_007__centered48_neg4x__hog16_pca_hsv_lbp.joblib,centered48_neg4x,hog16_pca_hsv_lbp,1480,296,1184,0.9141891891891892,0.8930232558139535,0.6486486486486487,0.9805743243243243,0.75146771037182,192,23,1161,104,0.35936613510631266,-1.6911009582194019,2.0504670933257145,False
