source_group,model_count,mean_detection_f1_iou_0_20,max_detection_f1_iou_0_20,mean_detection_f1_iou_0_30,max_detection_f1_iou_0_30,mean_false_positives_per_image_iou_0_20
Dataset1-derived,2,0.3826462800034168,0.431304347826087,0.36042367814128295,0.4104347826086956,0.2374161073825503
Dataset2-derived,3,0.2266495572309698,0.28641171684296174,0.18338040530884422,0.2408462164361269,2.324384787472036
