ap_iou_0_20,ap_iou_0_30,ap_iou_0_50,ap_iou_0_55,ap_iou_0_60,ap_iou_0_65,ap_iou_0_70,ap_iou_0_75,ap_iou_0_80,ap_iou_0_85,ap_iou_0_90,ap_iou_0_95,mAP50,mAP50_95,eval_mode,dataset_name,source_dataset,source_group,algorithm_name,model_id,model_file_name,run_smoke_test
0.12990610760010976,0.0815428524857868,0.005593928164204213,0.0029318637432313743,0.001321985954831371,0.000760118795435793,0.0006962849243213536,0.0006756756756756757,0.0,0.0,0.0,0.0,0.005593928164204213,0.0011979857257699781,full_external_test,dataset3_external,dataset2_honeybee,Dataset2-derived,random_forest,d2_rf_006,d2_rf_006__centered48_neg4x__hog16_hsv_lbp.joblib,False
