ap_iou_0_20,ap_iou_0_30,ap_iou_0_50,ap_iou_0_55,ap_iou_0_60,ap_iou_0_65,ap_iou_0_70,ap_iou_0_75,ap_iou_0_80,ap_iou_0_85,ap_iou_0_90,ap_iou_0_95,mAP50,mAP50_95,eval_mode,dataset_name,source_dataset,source_group,algorithm_name,model_id,model_file_name,run_smoke_test
0.2528758864225499,0.23194739720738988,0.07918826014249314,0.04362963482231382,0.01729835848523981,0.007370075147393028,0.0038952031501700377,0.00021366565240737428,0.00016891891891891893,0.0,0.0,0.0,0.07918826014249314,0.015176411631893616,full_external_test,dataset3_external,dataset1_varroa,Dataset1-derived,rbf_svm,d1_rbfsvm_006,d1_rbfsvm_006__centered80_neg4x__hog16_hsv_lbp.joblib,False
