eval_mode,dataset_name,algorithm_name,model_id,model_file_name,AP@0.20,AP@0.30,AP@0.50,mAP50,mAP50-95
full_test,dataset1_varroa,rbf_svm,d1_rbfsvm_006,d1_rbfsvm_006__centered80_neg4x__hog16_hsv_lbp.joblib,0.3012463865128994,0.21995096694455812,0.011359757826583036,0.011359757826583036,0.0013707610442686936
