eval_mode,dataset_name,algorithm_name,model_id,model_file_name,AP@0.20,AP@0.30,AP@0.50,mAP50,mAP50-95
natural_700,dataset1_varroa,rbf_svm,d1_rbfsvm_006,d1_rbfsvm_006__centered80_neg4x__hog16_hsv_lbp.joblib,0.2979330223625135,0.20171379206578946,0.010499919904592741,0.010499919904592741,0.0015034215663708172
