eval_mode,dataset_name,algorithm_name,model_id,model_file_name,AP@0.20,AP@0.30,AP@0.50,mAP50,mAP50-95
natural_700,dataset2_honeybee,rbf_svm,d2_rbfsvm_006,d2_rbfsvm_006__centered48_neg4x__hog16_hsv_lbp.joblib,0.3571096842463941,0.18623052009390853,0.019229632375778048,0.019229632375778048,0.005398366391702883
