eval_mode,dataset_name,algorithm_name,model_id,model_file_name,AP@0.20,AP@0.30,AP@0.50,mAP50,mAP50-95
natural_700,dataset2_honeybee,rbf_svm,d2_rbfsvm_007,d2_rbfsvm_007__centered48_neg4x__hog16_pca_hsv_lbp.joblib,0.33918542721315426,0.18140427645802068,0.018596014106601288,0.018596014106601288,0.0034229176028369016
