eval_mode,dataset_name,algorithm_name,model_id,model_file_name,AP@0.20,AP@0.30,AP@0.50,mAP50,mAP50-95
natural_700,dataset2_honeybee,random_forest,d2_rf_006,d2_rf_006__centered48_neg4x__hog16_hsv_lbp.joblib,0.3844476495067257,0.19671523095475116,0.01214757252802156,0.01214757252802156,0.0026880458027041913
